{
	"version": "2.0.0",
	"tasks": [
		{
			"type": "cppbuild",
			"label": "C/C++: g++ build active file",
			"command": "/usr/bin/g++",
			"args": [
				"-fdiagnostics-color=always",
				"-g",
				"${file}",
				"-O2",
				"-o",
				// "${fileDirname}/${fileBasenameNoExtension}"
				"${fileDirname}/a.out"
			],
			"options": {
				"cwd": "${fileDirname}"
			},
			"problemMatcher": [
				"$gcc"
			],
			"group": {
				"kind": "build",
				"isDefault": true
			},
			"detail": "compiler: /usr/bin/g++"
		},
		{
			"label": "Open Terminal",
			"type": "shell",
			"command": "osascript -e 'tell application \"Terminal\"\ndo script \"echo hello\"\nend tell'",
			"problemMatcher": []
		}
	]
}